City,Cloudiness,Country,Date,Humidity,Lat,Lng,Max Temp,Wind Speed
Rikitea,100,PF,1570048732,86,-23.12,-134.97,61.86,10.13
Kekri,0,IN,1570048981,82,25.97,75.15,75.3,6.42
Saint-Philippe,90,CA,1570048745,62,45.36,-73.48,55.0,12.75
Bluff,0,AU,1570048766,76,-23.58,149.07,62.32,14.56
Hobart,0,AU,1570048546,66,-42.88,147.33,53.01,9.17
Provideniya,75,RU,1570048766,81,64.42,-173.23,42.8,17.9
Albany,90,US,1570048644,87,42.65,-73.75,64.99,12.75
Torbay,90,CA,1570048832,80,47.66,-52.73,44.01,12.75
Nikolskoye,75,RU,1570048790,87,59.7,30.79,43.0,6.71
Tabas,0,IR,1570048987,19,33.6,56.92,80.6,6.93
Cabedelo,0,BR,1570048987,61,-6.97,-34.84,80.6,9.17
Kaitangata,100,NZ,1570048799,69,-46.28,169.85,46.99,4.0
Tasiilaq,100,GL,1570048750,69,65.61,-37.64,39.2,32.21
Butaritari,100,KI,1570048747,62,3.07,172.79,84.64,5.19
Cape Town,20,ZA,1570048751,87,-33.93,18.42,62.01,9.17
Bosaso,2,SO,1570048853,73,11.28,49.18,85.47,6.64
Castro,20,CL,1570048783,50,-42.48,-73.76,51.8,5.82
Vaini,31,IN,1570048757,94,15.34,74.49,74.67,1.66
Taltal,0,CL,1570048990,69,-25.41,-70.49,57.95,7.87
Cabo San Lucas,20,MX,1570048615,61,22.89,-109.91,87.01,11.41
Colares,20,PT,1570048990,72,38.8,-9.45,64.99,14.99
Mataura,98,NZ,1570048752,93,-46.19,168.86,44.01,5.99
Lebu,75,ET,1570048737,77,8.96,38.73,60.8,6.93
Kabanjahe,90,ID,1570048992,71,3.1,98.49,80.01,0.43
Milagres,88,BR,1570048993,41,-7.31,-38.94,83.44,6.44
Hermanus,99,ZA,1570048741,95,-34.42,19.24,59.0,7.18
Ilulissat,75,GL,1570048747,27,69.22,-51.1,51.8,21.92
Saskylakh,1,RU,1570048750,84,71.97,114.09,14.57,1.63
Kupang,0,ID,1570048994,70,-10.16,123.6,75.95,2.59
Puerto Santander,40,VE,1570048995,55,8.35,-72.41,89.6,11.41
Husavik,31,CA,1570048996,74,50.56,-96.99,44.01,5.99
Mar del Plata,92,AR,1570048732,22,-46.43,-67.52,53.72,10.47
Ushuaia,75,AR,1570048740,70,-54.81,-68.31,44.6,19.46
Taoudenni,0,ML,1570048998,8,22.68,-3.98,94.09,7.23
Labuhan,64,ID,1570048998,93,-2.54,115.51,70.87,1.59
Samarai,100,PG,1570048754,92,-10.62,150.67,74.35,5.86
Jamestown,0,AU,1570048998,91,-33.21,138.6,48.32,3.51
Klaksvik,0,FO,1570048754,81,62.23,-6.59,44.6,8.88
Ariquemes,91,BR,1570048999,47,-9.91,-63.03,91.03,1.45
Batagay,100,RU,1570048999,47,67.65,134.64,25.08,4.88
Busselton,76,AU,1570048736,69,-33.64,115.35,55.99,9.4
Zaraysk,100,RU,1570048999,81,54.76,38.88,53.81,11.01
Hithadhoo,100,MV,1570048753,81,-0.6,73.08,81.87,17.16
Garhi Yasin,40,PK,1570049000,74,27.91,68.51,84.2,6.93
Bredasdorp,76,ZA,1570048762,87,-34.53,20.04,57.2,5.82
Airai,0,TL,1570048754,58,-8.93,125.41,68.53,2.95
Port Hardy,90,CA,1570048814,81,50.7,-127.42,53.6,14.99
Arraial do Cabo,0,BR,1570048792,69,-22.97,-42.02,75.2,16.11
Quetigny,0,FR,1570049001,71,47.31,5.12,51.8,8.05
Vestmannaeyjar,100,IS,1570048830,75,63.44,-20.27,46.0,40.18
Novyy Urengoy,100,RU,1570049001,96,66.08,76.63,44.0,14.74
Tuktoyaktuk,75,CA,1570048758,100,69.44,-133.03,37.4,6.93
Mahebourg,75,MU,1570048742,88,-20.41,57.7,75.2,11.41
Tereze,0,RU,1570049002,72,43.94,42.44,59.0,4.47
Cidreira,100,BR,1570048920,87,-30.17,-50.22,65.29,10.96
Port Elizabeth,1,US,1570048800,34,39.31,-74.98,95.0,14.99
Puerto Ayora,75,EC,1570048743,61,-0.74,-90.35,77.0,21.92
Kimberley,0,ZA,1570048804,25,-28.74,24.76,66.2,9.17
Upernavik,0,GL,1570048769,71,72.79,-56.15,37.05,11.48
Port Macquarie,75,AU,1570048843,93,-31.43,152.91,53.01,1.66
Bathsheba,20,BB,1570048740,62,13.22,-59.52,87.8,16.11
Khatanga,0,RU,1570048751,83,71.98,102.47,20.4,7.96
Ahipara,42,NZ,1570049005,91,-35.17,173.16,54.0,17.02
Port Alfred,100,ZA,1570048757,93,-33.59,26.89,60.01,3.71
Chuy,100,UY,1570048809,88,-33.69,-53.46,54.76,23.89
Fortuna,40,US,1570049005,51,40.6,-124.16,69.01,10.29
Salalah,40,OM,1570048887,78,17.01,54.1,80.6,4.7
Kapaa,75,US,1570048602,78,22.08,-159.32,84.2,18.34
Bilma,0,NE,1570049005,15,18.69,12.92,89.79,9.08
New Norfolk,0,AU,1570048763,66,-42.78,147.06,53.01,9.17
Hilo,20,US,1570048634,55,19.71,-155.08,86.0,8.05
Pitimbu,0,BR,1570048919,61,-7.47,-34.81,80.6,9.17
Cleethorpes,75,GB,1570049006,81,53.56,-0.03,51.8,6.93
Avarua,100,CK,1570048757,61,-21.21,-159.78,77.0,10.29
Timbiras,69,BR,1570049007,48,-4.26,-43.94,84.43,0.58
Iqaluit,75,CA,1570048783,75,63.75,-68.52,39.2,11.41
Grand Gaube,75,MU,1570049007,88,-20.01,57.66,75.2,11.41
Mildura,0,AU,1570048840,62,-34.18,142.16,55.4,5.82
Gazanjyk,0,TM,1570049008,19,39.24,55.52,61.28,8.72
Punta Arenas,75,CL,1570048745,72,-53.16,-70.91,48.2,27.51
Yellowknife,75,CA,1570048847,57,62.45,-114.38,50.0,11.41
Vila Velha,0,BR,1570048856,61,-3.71,-38.6,82.4,16.11
Antofagasta,90,CL,1570049008,77,-23.65,-70.4,59.0,17.22
Kruisfontein,100,ZA,1570048740,38,-34.0,24.73,65.6,5.44
Kanye,0,BW,1570049009,46,-24.98,25.34,58.92,15.52
Kloulklubed,40,PW,1570048857,94,7.04,134.26,75.2,3.65
Garmsar,0,IR,1570049010,45,35.22,52.34,58.76,5.5
Flinders,0,AU,1570048738,58,-34.58,150.85,61.0,5.82
Nemuro,66,JP,1570048825,92,43.32,145.57,62.49,14.12
Ziro,6,IN,1570049010,96,27.54,93.82,53.4,2.42
Milas,0,TR,1570049011,93,37.31,27.78,64.4,3.31
Parnamirim,0,BR,1570049011,61,-5.92,-35.27,80.6,11.41
Kalevala,67,FI,1570049012,84,64.12,29.58,30.37,7.34
Lavrentiya,66,RU,1570048769,80,65.58,-170.99,38.24,13.6
Kirkenaer,75,NO,1570049012,70,60.46,12.06,45.0,10.29
Thessalon,90,CA,1570049012,58,46.26,-83.55,55.4,6.93
Pangnirtung,75,CA,1570048780,93,66.15,-65.72,37.4,8.05
Tautira,20,PF,1570048909,65,-17.73,-149.15,80.6,4.7
Tessalit,0,ML,1570048862,9,20.2,1.01,91.47,7.34
Boras,40,SE,1570049014,87,57.72,12.94,46.0,13.87
Clyde River,75,CA,1570048771,93,70.47,-68.59,37.4,6.93
Owando,59,CG,1570049014,93,-0.49,15.91,72.01,0.74
Half Moon Bay,1,US,1570049015,55,37.46,-122.43,77.0,5.82
Atuona,4,PF,1570048753,73,-9.8,-139.03,79.46,9.78
Leningradskiy,100,RU,1570048764,94,69.38,178.42,29.83,15.64
Tuatapere,100,NZ,1570048911,93,-46.13,167.69,44.01,3.0
Birao,95,CF,1570049016,85,10.3,22.78,72.89,4.52
Thompson,5,CA,1570048559,39,55.74,-97.86,48.2,10.29
Sarkand,0,KZ,1570049017,62,45.41,79.91,45.42,1.45
Flin Flon,75,CA,1570049017,45,54.77,-101.88,46.4,10.29
Rio Grande,90,BR,1570048859,83,-32.03,-52.1,69.8,10.29
Athlone,100,IE,1570048977,86,53.42,-7.94,46.0,7.05
Longyearbyen,75,NO,1570048831,92,78.22,15.63,32.0,13.87
Dunedin,100,NZ,1570048790,63,-45.87,170.5,48.0,17.0
Nikolsk,100,RU,1570049018,90,59.53,45.45,46.77,6.42
San Patricio,100,PY,1570048842,96,-26.98,-56.83,70.05,6.4
Hovd,75,NO,1570048856,87,63.83,10.7,51.01,3.36
Perivolion,40,GR,1570049019,73,39.42,20.01,75.2,8.05
Sur,62,OM,1570048838,54,22.57,59.53,85.08,12.82
Hasaki,75,JP,1570048852,93,35.73,140.83,64.0,2.24
Bafra,0,TR,1570049019,93,41.57,35.91,59.0,1.12
Nanchang,0,CN,1570049020,73,28.68,115.89,70.53,1.03
Seoul,90,KR,1570048727,78,37.57,126.98,71.6,6.93
Cabra,100,ES,1570049021,33,37.47,-4.43,73.4,9.17
Ribeira Grande,20,PT,1570048744,64,38.52,-28.7,69.8,14.99
Thunder Bay,75,CA,1570048779,61,48.41,-89.26,50.0,12.75
Caruray,72,PH,1570049022,76,10.31,119.01,81.85,4.09
Cockburn Town,40,TC,1570048684,74,21.46,-71.14,84.2,5.82
Satipo,100,PE,1570049022,96,-11.26,-74.64,43.89,3.38
Kathu,0,ZA,1570048844,31,-27.7,23.05,59.0,7.45
Saint George,20,GR,1570048765,88,39.45,22.34,68.0,5.82
Mount Gambier,90,AU,1570049024,93,-37.83,140.78,53.6,11.41
Bima,0,ID,1570049024,96,-8.45,118.73,67.22,0.78
Dunmore East,75,IE,1570049024,81,52.15,-6.99,48.99,2.24
Kysyl-Syr,78,RU,1570049026,91,63.9,122.77,22.44,4.74
Alice Springs,0,AU,1570049026,27,-23.7,133.88,64.4,8.05
Caborca,0,MX,1570049027,38,30.58,-111.1,87.01,1.01
Mabaruma,100,GY,1570049028,82,8.2,-59.78,80.68,3.85
Shipitsyno,63,RU,1570049028,96,61.28,46.52,42.61,5.75
Meulaboh,100,ID,1570048792,80,4.14,96.13,78.67,4.61
Gigmoto,100,PH,1570049029,76,13.78,124.39,81.3,5.3
Cherskiy,19,RU,1570048818,86,68.75,161.3,19.97,15.19
Port Blair,33,IN,1570048846,72,11.67,92.75,81.48,4.59
Parola,0,IN,1570049029,90,20.88,75.11,75.64,5.75
Shumikha,98,RU,1570049030,59,55.23,63.28,47.1,13.51
Victoria,75,BN,1570048809,83,5.28,115.24,78.8,4.7
Koupela,0,BF,1570049031,72,12.18,-0.35,80.92,6.62
Barrow,0,AR,1570048764,51,-38.31,-60.23,50.57,10.94
Straumen,75,NO,1570049032,87,63.87,11.3,46.0,3.36
Georgetown,20,GY,1570048777,74,6.8,-58.16,86.0,9.17
Mount Pleasant,1,US,1570048820,32,33.16,-94.97,95.0,11.41
Dewas,0,IN,1570049034,92,22.96,76.05,69.96,5.97
Port-Gentil,75,GA,1570048769,83,-0.72,8.78,78.8,9.17
Gamba,35,CN,1570049035,75,28.28,88.52,34.19,4.09
Jatiroto,59,ID,1570049036,89,-6.89,111.01,71.86,5.08
Qaanaaq,50,GL,1570048815,77,77.48,-69.36,23.77,4.43
Pemba,50,MZ,1570049039,84,-12.97,40.52,78.42,7.25
Weiser,1,US,1570048945,35,44.25,-116.97,59.0,8.01
Myitkyina,20,MM,1570048782,94,25.38,97.4,66.55,1.5
Walvis Bay,0,NA,1570048864,87,-22.95,14.51,63.0,4.7
Narsaq,100,GL,1570048856,28,60.91,-46.05,55.4,18.34
Okhotsk,13,RU,1570048849,50,59.36,143.24,28.41,19.37
Sovetskiy,97,RU,1570049042,83,56.76,48.47,49.96,15.32
Nishihara,75,JP,1570048874,88,35.74,139.53,75.99,4.7
Kahului,40,US,1570048847,58,20.89,-156.47,86.0,16.11
Ushtobe,0,KZ,1570048893,37,45.25,77.98,46.88,10.04
Carnarvon,0,ZA,1570048743,18,-30.97,22.13,59.43,8.16
Campbell River,90,CA,1570048976,76,50.02,-125.24,54.0,8.05
Beira,0,ES,1570049044,93,43.2,-8.36,62.01,3.67
Burgeo,100,CA,1570049047,63,47.61,-57.61,46.38,13.73
Auka,75,HN,1570049048,83,14.93,-83.83,82.4,4.7
Vanimo,98,PG,1570048784,76,-2.67,141.3,80.72,3.83
Te Anau,89,NZ,1570049048,76,-45.41,167.72,38.24,1.23
Hastings,0,NZ,1570048999,62,-39.64,176.84,46.9,11.95
Mangalore,40,IN,1570049049,88,12.87,74.84,78.8,8.14
Kushima,39,JP,1570049050,95,31.5,131.29,73.11,4.97
Tiksi,99,RU,1570048802,92,71.64,128.87,27.15,22.77
Manyoni,0,TZ,1570049051,57,-5.75,34.84,69.92,10.13
Svelvik,0,NO,1570049051,70,59.61,10.41,46.4,6.93
Poso,40,ID,1570049052,94,-1.4,120.75,59.14,3.6
Gurnee,90,US,1570049052,93,42.37,-87.9,62.01,9.17
Dikson,2,RU,1570048772,77,73.51,80.55,26.04,19.77
Kodiak,90,US,1570048759,83,39.95,-94.76,82.0,0.6
Hambantota,0,LK,1570049053,78,6.12,81.12,81.15,6.71
Mount Isa,0,AU,1570048776,33,-20.73,139.49,71.6,4.7
Kamenka,99,MD,1570049054,69,48.03,28.7,62.01,1.99
Ostrovnoy,97,RU,1570049054,73,68.05,39.51,34.39,20.65
Deputatskiy,100,RU,1570049054,87,69.3,139.9,20.96,24.4
Havoysund,75,NO,1570048814,70,71.0,24.66,39.2,16.11
Quatre Cocos,75,MU,1570049055,88,-20.21,57.76,75.2,11.41
Margate,0,AU,1570049055,66,-43.03,147.26,53.01,9.17
Gimli,49,CA,1570049056,74,50.63,-96.99,43.0,5.99
Kieta,68,PG,1570048888,79,-6.22,155.63,80.97,7.63
Horqueta,84,PY,1570049057,75,-23.34,-57.05,79.32,8.19
Talaya,0,RU,1570049057,69,55.79,84.89,39.2,8.95
Abonnema,95,NG,1570049058,93,4.71,6.79,73.02,6.42
Sitka,54,US,1570048876,38,37.17,-99.65,83.85,7.0
Nome,40,US,1570048798,49,30.04,-94.42,93.0,10.29
Rabo de Peixe,75,PT,1570049060,83,37.8,-25.58,72.0,18.34
Faanui,99,PF,1570048757,75,-16.48,-151.75,77.01,16.6
Chokurdakh,99,RU,1570048786,94,70.62,147.9,25.73,14.25
Aksu,0,KZ,1570048849,59,52.04,76.93,32.0,4.47
Topolobampo,40,MX,1570049061,45,25.6,-109.05,91.0,8.05
Lorengau,80,PG,1570048831,82,-2.02,147.27,78.45,3.96
Baruun-Urt,100,MN,1570049062,94,46.68,113.28,33.02,18.61
Reinosa,75,ES,1570049063,82,43.0,-4.14,66.0,1.12
Nicoya,75,CR,1570049063,83,10.15,-85.45,80.6,6.93
Poum,0,MK,1570048805,93,41.28,20.71,51.8,3.36
Pimentel,22,BR,1570049065,60,-3.7,-45.5,82.18,2.3
Huilong,100,CN,1570048812,87,31.15,106.5,71.18,4.97
Awjilah,0,LY,1570049066,28,29.14,21.3,78.36,14.12
Guerrero Negro,0,MX,1570048791,77,27.97,-114.04,66.48,10.47
Nhulunbuy,40,AU,1570048829,94,-12.18,136.78,73.4,6.93
Potosi,96,BO,1570049066,27,-19.59,-65.75,55.61,17.83
Gari,100,RU,1570049067,89,59.43,62.35,49.83,9.66
Lake Havasu City,1,US,1570049068,9,34.47,-114.34,86.0,13.87
Bara,70,NG,1570049069,86,10.41,10.6,74.15,8.57
Hualmay,65,PE,1570049069,88,-11.1,-77.61,62.0,15.75
Bud,75,NO,1570049070,81,62.91,6.91,48.2,9.17
Bethel,90,US,1570048772,93,60.79,-161.76,48.2,12.75
Xingcheng,0,CN,1570049070,76,40.62,120.71,62.49,8.75
Lompoc,1,US,1570048776,28,34.64,-120.46,81.0,13.87
Lobito,50,AO,1570049071,81,-12.35,13.55,72.85,5.57
Nederland,40,US,1570049072,63,29.97,-93.99,93.2,4.7
Dingle,95,PH,1570048803,91,11.0,122.67,73.07,2.51
Arman,100,RU,1570049072,83,59.7,150.17,25.21,5.37
Lithgow,0,AU,1570049073,100,-33.48,150.16,61.0,3.8
Sept-Iles,75,CA,1570048862,52,50.2,-66.38,45.0,9.17
Mastic Beach,75,US,1570049073,54,40.77,-72.85,84.2,9.17
Aklavik,40,CA,1570048882,80,68.22,-135.01,41.0,11.41
Orange Cove,1,US,1570049074,27,36.62,-119.31,75.99,2.42
Petropavl,18,KZ,1570049074,64,54.87,69.13,39.9,9.57
Atbasar,0,KZ,1570049074,45,51.81,68.36,40.89,6.35
Dobarlau,32,RO,1570049075,78,45.73,25.88,62.01,2.35
East London,90,ZA,1570048758,56,-33.02,27.91,64.05,6.02
Hirara,0,JP,1570049075,82,24.8,125.28,80.27,6.93
Khorixas,0,NA,1570049075,47,-20.37,14.96,57.32,1.81
Balkanabat,0,TM,1570049076,44,39.51,54.36,67.78,2.37
San Cristobal,81,HN,1570048874,51,14.68,-86.92,82.18,4.94
Hohhot,0,CN,1570049076,76,40.81,111.65,55.4,4.47
Sangueya,100,GN,1570049076,94,10.7,-14.37,76.99,3.62
Ponta do Sol,0,BR,1570048778,44,-20.63,-46.0,78.56,4.27
Lata,1,IN,1570048914,85,30.78,78.62,31.36,1.54
Sao Gabriel da Cachoeira,100,BR,1570049077,54,-0.13,-67.09,90.35,1.92
Rawson,33,AR,1570048881,20,-43.3,-65.11,55.65,9.1
Bambous Virieux,75,MU,1570048786,88,-20.34,57.76,75.2,11.41
Saldanha,16,PT,1570048774,48,41.42,-6.55,61.51,2.13
Coihaique,40,CL,1570049078,46,-45.58,-72.07,51.8,8.05
Palafrugell,20,ES,1570049078,82,41.92,3.16,70.0,4.7
San Felipe,0,CL,1570048925,73,-32.75,-70.73,62.01,3.0
Biak,7,ID,1570048860,96,-0.91,122.88,60.18,3.04
Acapulco,40,MX,1570048612,74,16.86,-99.88,86.0,6.93
Houma,67,CN,1570049079,55,35.63,111.36,67.42,7.83
Ranong,80,TH,1570048874,82,9.96,98.62,79.82,6.62
Malanje,75,AO,1570049079,82,-9.54,16.35,68.07,4.5
Bandarbeyla,25,SO,1570048868,77,9.49,50.81,76.24,4.65
Esperance,75,AU,1570048817,93,-33.86,121.89,57.2,9.17
Mtambile,77,TZ,1570049080,85,-5.38,39.7,79.53,10.56
North Bend,1,US,1570049080,71,43.41,-124.22,60.01,8.05
Maragogi,0,BR,1570048763,85,-9.01,-35.22,72.26,5.7
Tura,100,RU,1570048756,98,64.27,100.22,32.95,5.39
Belmonte,67,PT,1570049081,83,40.36,-7.35,57.99,2.89
Port Lincoln,100,AU,1570048777,84,-34.72,135.86,56.78,7.16
Edinburg,75,US,1570049081,49,26.3,-98.16,97.0,13.87
Komsomolskiy,61,RU,1570048753,83,67.55,63.78,38.28,20.07
Nanortalik,100,GL,1570048885,74,60.14,-45.24,42.78,2.42
Winchester,0,GB,1570049026,93,51.06,-1.31,48.0,1.79
Celestun,0,MX,1570049082,80,20.87,-90.4,81.96,17.25
Ust-Ishim,62,RU,1570049082,75,57.69,71.17,42.2,10.89
Geraldton,90,CA,1570048846,69,49.72,-86.95,37.4,8.05
San Juan del Sur,75,NI,1570049082,74,11.25,-85.87,84.2,13.06
Maniitsoq,100,GL,1570048796,58,65.42,-52.9,43.78,7.81
Khasan,100,RU,1570049083,98,42.43,130.64,63.6,1.92
Choya,0,RU,1570049083,80,52.01,86.55,28.48,2.66
Basna,0,IN,1570049083,78,25.97,73.75,79.23,9.89
Grand Baie,75,MU,1570049083,88,-20.02,57.58,75.2,11.41
Luau,11,CD,1570049083,58,-10.7,22.23,73.0,4.5
Stromness,90,CA,1570049084,93,42.87,-79.55,59.0,10.29
Galle,100,GN,1570049084,89,10.08,-12.83,72.31,0.78
Lakselv,75,NO,1570049084,80,70.05,24.96,36.0,12.75
Brigantine,1,US,1570049084,38,39.41,-74.36,93.2,12.75
Ust-Omchug,89,RU,1570049086,98,61.13,149.63,9.94,3.58
Kavieng,100,PG,1570048848,77,-2.57,150.8,81.44,5.03
Conde,88,BR,1570048810,86,-11.81,-37.61,72.53,4.88
Yulara,22,AU,1570048806,21,-25.24,130.99,69.8,3.36
Severo-Kurilsk,100,RU,1570048833,93,50.68,156.12,48.18,14.34
Hamilton,90,CA,1570048673,100,43.26,-79.87,59.0,13.87
Casper,90,US,1570049078,65,42.87,-106.31,51.01,16.11
Necochea,0,AR,1570049088,65,-38.55,-58.74,46.99,5.99
Souillac,0,FR,1570048821,93,45.6,-0.6,59.0,3.36
Soyo,49,AO,1570049089,84,-6.13,12.37,77.16,9.44
Praia,0,BR,1570049089,27,-20.25,-43.81,87.8,13.87
Tikapur,0,NP,1570049089,91,28.53,81.12,72.06,2.26
Chadiza,100,ZM,1570049090,86,-14.06,32.43,65.35,15.19
Moron,100,HT,1570049090,76,18.56,-74.26,82.12,4.09
Marzuq,22,YE,1570049090,55,14.4,46.47,75.66,2.95
Qinzhou,0,CN,1570049090,80,21.96,108.62,73.79,2.35
Laguna,40,BZ,1570048904,79,16.17,-88.94,86.0,4.7
Whitianga,23,NZ,1570049091,80,-36.83,175.7,55.99,3.89
Ruston,75,US,1570049091,39,32.52,-92.64,98.6,5.82
Sorland,20,NO,1570048789,64,67.67,12.69,35.6,5.82
Havre-Saint-Pierre,75,CA,1570049092,36,50.23,-63.6,48.2,9.17
Rome,40,IT,1570048597,88,41.89,12.48,69.8,5.82
Oktyabrskiy,0,RU,1570049092,62,55.61,37.97,59.0,8.95
Mae Hong Son,60,MM,1570049093,98,19.3,97.96,66.57,0.87
General Pico,0,AR,1570049093,21,-35.66,-63.75,65.08,12.3
Bilibino,100,RU,1570048858,94,68.06,166.44,11.26,5.48
Aloleng,85,PH,1570049094,72,16.13,119.78,82.29,6.89
Pilar,75,AR,1570049094,48,-34.46,-58.91,62.6,14.99
Lazaro Cardenas,40,MX,1570049094,69,28.39,-105.62,75.2,4.7
Laredo,40,US,1570049095,41,27.51,-99.51,96.01,5.82
Hasanpur,0,IN,1570049095,81,28.72,78.28,74.17,3.94
Bethanien,0,NA,1570049096,21,-26.5,17.16,61.62,13.71
Saint-Georges,85,CA,1570048819,60,46.12,-70.67,46.0,6.76
Norman Wells,90,CA,1570048769,93,65.28,-126.83,44.6,2.98
Salym,100,RU,1570049098,81,60.06,71.48,48.16,12.28
Sao Filipe,0,CV,1570048802,83,14.9,-24.5,78.61,18.05
Derzhavinsk,49,KZ,1570049100,40,51.1,66.31,44.11,7.31
Hami,100,CN,1570049101,23,42.84,93.51,56.26,6.22
Batagay-Alyta,100,RU,1570048855,72,67.8,130.41,10.0,4.85
Arraias,0,BR,1570049064,20,-12.93,-46.94,89.2,4.5
Abnub,0,EG,1570048836,33,27.27,31.15,78.0,9.17
Katsuura,75,JP,1570048802,83,33.93,134.5,77.0,28.86
Talnakh,75,RU,1570048817,94,69.49,88.39,33.8,4.47
Nizwa,87,OM,1570049009,47,22.93,57.53,78.92,1.28
Moba,6,CD,1570049106,78,-7.04,29.77,67.04,2.71
Merauke,8,ID,1570048757,80,-8.49,140.4,78.6,22.19
Kaltan,0,RU,1570049107,75,53.52,87.29,30.21,2.19
Luderitz,0,NA,1570048850,91,-26.65,15.16,55.65,18.48
Iranshahr,20,IR,1570049108,42,27.21,60.69,80.6,4.7
Limbang,75,BN,1570049108,94,4.75,115.01,78.8,3.36
Nantucket,90,US,1570048673,93,41.28,-70.1,71.6,14.99
Dondo,75,MZ,1570049108,88,-19.62,34.74,69.8,8.05
Mezen,67,RU,1570049109,79,65.85,44.24,34.69,17.63
Allende,40,MX,1570049109,38,28.34,-100.85,93.2,13.87
Pisco,0,PE,1570048790,30,-13.71,-76.2,71.6,11.41
Tim,52,RU,1570049110,83,51.62,37.12,48.99,5.99
Leh,0,IN,1570049110,39,34.16,77.58,30.48,0.6
Sangar,0,RU,1570049110,76,63.92,127.47,22.45,6.6
Takoradi,100,GH,1570049111,94,4.89,-1.75,74.08,2.62
Sibiti,100,CG,1570049111,95,-3.69,13.35,72.46,2.26
Honningsvag,75,NO,1570048905,69,70.98,25.97,39.2,16.11
Bogorodskoye,85,RU,1570049111,96,52.37,140.44,30.7,4.7
Mirnyy,100,RU,1570049112,96,56.57,36.46,51.09,2.17
Newton,90,US,1570048967,82,42.34,-71.21,64.99,5.82
College,90,US,1570048850,100,64.86,-147.8,36.0,8.05
Maizieres-les-Metz,20,FR,1570049112,87,49.21,6.16,50.0,9.17
Kamaishi,100,JP,1570049113,76,39.28,141.86,55.74,1.59
Haines Junction,10,CA,1570049113,64,60.75,-137.51,39.55,4.09
Bull Savanna,100,JM,1570049113,71,17.89,-77.59,84.7,8.97
Kokopo,95,PG,1570049114,90,-4.34,152.27,72.48,1.14
Kaeo,80,NZ,1570049114,91,-35.1,173.78,57.0,8.14
Imatra,75,FI,1570049114,93,61.17,28.77,39.99,9.17
Vostok,92,RU,1570048857,91,46.45,135.83,58.67,3.51
Oistins,20,BB,1570049115,62,13.07,-59.53,87.8,16.11
Codrington,0,AU,1570048853,93,-28.95,153.24,48.2,8.05
Denpasar,20,ID,1570049115,88,-8.65,115.22,77.0,5.82
Lexington,1,US,1570048838,32,38.05,-84.5,95.0,9.17
Siavonga,38,ZW,1570049115,65,-16.54,28.71,76.06,12.03
Ploemeur,20,FR,1570049116,87,47.73,-3.43,57.99,5.82
Oranjemund,0,ZA,1570049116,93,-28.55,16.43,57.52,7.96
Kargopol,92,RU,1570049116,94,61.51,38.95,40.42,3.18
Slave Lake,1,CA,1570048824,47,55.28,-114.77,55.4,11.41
Athabasca,18,CA,1570049029,54,54.72,-113.29,48.34,6.78
San Giuliano Milanese,0,IT,1570049117,93,45.39,9.29,68.0,4.7
Sao Felix do Xingu,95,BR,1570048720,72,-6.64,-51.99,79.19,1.59
Adrar,0,DZ,1570048863,13,27.87,-0.29,91.4,8.05
Ballina,100,IE,1570048814,87,54.11,-9.15,50.0,1.99
Palmer,75,AU,1570048678,82,-34.85,139.16,57.99,5.82
Ilinskiy,0,RU,1570049117,62,55.62,38.12,59.0,8.95
Magdagachi,0,RU,1570049118,60,53.45,125.8,26.77,5.01
Bereda,0,ES,1570048843,93,43.27,-7.54,59.0,2.19
Borogontsy,78,RU,1570049118,75,62.67,131.17,23.44,5.88
Kirovskiy,100,RU,1570049118,94,45.09,133.51,58.83,3.04
Inverell,0,AU,1570049119,61,-29.78,151.11,57.0,1.99
High Prairie,25,CA,1570049119,61,55.43,-116.48,53.85,6.46
Vardo,1,US,1570048774,38,39.62,-77.74,93.2,10.29
Kjollefjord,75,NO,1570049120,73,70.95,27.35,39.2,16.11
Cognac,0,FR,1570049120,93,45.69,-0.33,57.2,3.36
Pevek,100,RU,1570048820,84,69.7,170.27,29.62,11.63
Vredendal,62,ZA,1570049120,91,-31.68,18.49,58.99,13.51
Pyshma,100,RU,1570049120,78,56.95,63.25,47.56,13.73
Ambilobe,51,MG,1570049121,68,-13.19,49.05,75.57,6.82
Morro Agudo,20,BR,1570049121,22,-20.73,-48.05,96.8,6.93
Shingu,33,JP,1570049121,95,33.72,135.99,62.5,7.72
Almaznyy,0,RU,1570049121,76,48.03,40.04,57.2,11.18
Juneau,75,US,1570048504,76,58.3,-134.42,53.6,14.99
Ananindeua,40,BR,1570049122,74,-1.37,-48.4,86.0,6.93
Mao,75,DO,1570049062,100,19.55,-71.08,80.6,14.99
Jining,1,CN,1570049122,62,35.41,116.58,64.38,3.2
Am Timan,100,TD,1570049122,87,11.04,20.28,72.78,3.33
Belyy Yar,0,RU,1570048846,86,53.6,91.39,26.6,3.2
San Carlos de Bariloche,0,AR,1570049123,68,-41.13,-71.31,28.4,1.12
San Juan,47,AR,1570048508,22,-31.54,-68.53,47.82,6.46
Mersing,98,MY,1570049123,88,2.43,103.84,73.77,1.01
Sao Joao da Barra,0,BR,1570049124,61,-21.64,-41.05,77.0,23.04
Donskoye,0,RU,1570049124,81,45.45,41.98,53.6,6.71
Black River,75,JM,1570049124,83,18.03,-77.85,80.6,4.7
Orlik,0,PL,1570048898,93,53.95,17.74,44.01,6.93
Ancud,20,CL,1570048900,50,-41.87,-73.83,51.8,5.82
Konstantinovka,55,UA,1570049125,93,46.85,29.85,59.14,10.8
Egvekinot,100,RU,1570048847,95,66.32,-179.17,29.1,2.82
Karratha,0,AU,1570049125,26,-20.74,116.85,76.85,11.25
Kaele,100,CM,1570049126,90,10.11,14.45,69.07,20.85
Menongue,70,AO,1570049126,19,-14.66,17.68,65.98,4.12
Maloy,100,ID,1570049127,98,1.0,118.1,72.37,1.86
Tupik,0,RU,1570049127,77,54.43,119.94,23.08,2.8
Vao,100,EE,1570048846,75,59.1,26.19,44.81,5.28
Sistranda,75,NO,1570049127,81,63.73,8.83,50.0,9.17
Kamskoye Ustye,0,RU,1570049128,87,55.2,49.27,51.8,11.18
Alvorada,90,BR,1570049129,94,-30.0,-51.08,73.0,8.05
Xihe,94,CN,1570049129,93,34.02,105.29,54.55,1.23
Fort Nelson,75,CA,1570048890,58,58.81,-122.69,57.2,1.5
Quesnel,90,CA,1570048821,54,52.98,-122.49,53.6,3.36
Imbituba,0,BR,1570049130,73,-28.24,-48.67,75.2,13.87
Boda,100,CF,1570049130,94,4.32,17.47,70.51,1.19
Jacareacanga,40,BR,1570049130,65,-6.22,-57.76,82.4,3.36
Nizhneangarsk,22,RU,1570049131,76,55.78,109.57,22.04,4.16
Xinqing,100,CN,1570049131,80,48.28,129.53,34.55,11.7
Columbus,1,US,1570048889,34,32.46,-84.99,96.8,2.44
Kalmunai,69,LK,1570049132,87,7.42,81.82,74.91,2.95
Point Fortin,20,TT,1570049132,55,10.16,-61.68,89.6,12.75
Kropotkin,0,RU,1570049132,53,45.43,40.58,64.0,10.98
Abadan,0,IR,1570049132,39,30.36,48.26,84.2,2.24
Kuminskiy,100,RU,1570049133,82,58.67,66.57,49.67,11.74
Oeiras do Para,43,BR,1570049134,50,-2.0,-49.85,87.72,3.2
Lucapa,84,AO,1570049135,66,-8.42,20.74,69.67,2.64
Barcelona,0,ES,1570049070,64,41.38,2.18,73.0,1.12
Lasa,40,CY,1570049135,77,34.92,32.53,75.2,6.93
Igrim,0,RU,1570048834,95,63.19,64.42,42.07,7.29
Dakar,75,SN,1570049137,74,14.69,-17.45,84.2,11.41
Saint-Pierre,0,FR,1570048831,81,48.95,4.24,48.2,6.93
Makakilo City,40,US,1570049138,54,21.35,-158.09,86.0,23.04
Nabire,27,ID,1570048799,95,-3.36,135.5,66.64,1.03
Kuala Terengganu,75,MY,1570049139,88,5.33,103.14,77.0,2.24
Belaya Gora,100,RU,1570049139,78,68.54,146.19,27.71,24.18
Phonhong,0,LA,1570049139,98,18.5,102.42,70.37,1.54
Montauban,0,FR,1570049139,59,44.02,1.35,66.0,10.29
Iralaya,75,HN,1570049140,83,15.0,-83.23,82.4,4.7
Mazyr,3,BY,1570049140,77,52.05,29.27,57.57,8.34
Sobolevo,86,RU,1570049140,79,54.43,31.9,55.39,10.22
Tucupita,46,VE,1570048613,60,9.06,-62.05,88.28,6.89
Coxim,100,BR,1570049141,36,-18.5,-54.75,91.68,7.2
Manbij,0,SY,1570049141,37,36.53,37.96,71.6,6.93
Krasnyy Oktyabr,100,RU,1570049141,93,56.12,38.88,53.81,9.01
Baoqing,8,CN,1570049141,81,46.32,132.2,49.71,9.4
Chicama,40,PE,1570049142,77,-7.84,-79.15,66.2,11.41
Hofn,90,IS,1570048733,80,64.25,-15.21,39.2,3.36
Wattegama,79,LK,1570049142,95,7.35,80.68,72.78,1.03
Haimen,0,CN,1570049142,88,31.87,121.18,73.0,0.54
Iquitos,75,PE,1570049142,62,-3.75,-73.25,87.8,3.36
Potenza,8,IT,1570049143,87,40.64,15.8,59.77,8.61
Mendi,100,ET,1570049143,95,9.8,35.1,63.62,2.33
Killam,0,CA,1570049104,53,52.79,-111.86,46.36,11.36
Japura,100,ID,1570049143,85,-0.42,102.29,72.73,1.79
Ko Samui,64,TH,1570049144,77,9.54,99.94,81.42,6.08
Marienburg,40,DE,1570049144,76,52.12,9.98,52.0,13.87
Yining,0,CN,1570049144,63,29.04,114.56,66.25,1.03
Lubao,100,CD,1570049144,79,-5.39,25.75,73.14,2.21
Alofi,75,NU,1570049144,78,-19.06,-169.92,78.8,3.36
Qaqortoq,100,GL,1570049145,28,60.72,-46.03,55.4,18.34
La Serena,0,CL,1570049056,51,-29.9,-71.25,60.8,13.87
Ust-Nera,96,RU,1570048792,74,64.57,143.24,8.07,2.75
Umtata,45,ZA,1570049146,67,-31.59,28.78,60.8,3.36
Miri,79,NG,1570049147,77,10.31,9.75,73.39,3.27
Itupiranga,40,BR,1570049147,70,-5.13,-49.33,84.2,5.82
Smithers,90,CA,1570048855,87,54.78,-127.17,46.4,4.7
Guymon,1,US,1570048937,77,36.68,-101.48,64.4,13.87
Gat,75,SN,1570048840,74,14.69,-16.54,84.2,11.41
Zyryanka,100,RU,1570049149,86,65.73,150.89,26.63,15.84
Tarakan,12,ID,1570049149,87,3.3,117.63,76.11,5.28
Pallisa,88,UG,1570049149,92,1.17,33.71,66.45,4.5
Marawi,84,PH,1570049150,89,8.0,124.29,75.0,7.0
Kununurra,0,AU,1570048762,77,-15.77,128.74,68.0,4.7
Kyren,0,RU,1570048866,77,51.68,102.13,11.49,4.97
Puerto Baquerizo Moreno,90,EC,1570049152,73,-0.9,-89.6,73.4,20.8
Marfino,0,RU,1570049152,77,56.07,37.56,60.8,4.47
Nalut,0,LY,1570049152,18,31.86,10.98,79.75,11.23
Payson,1,US,1570049153,30,40.04,-111.73,61.0,9.17
Constitucion,75,MX,1570048797,36,23.99,-104.67,77.0,6.93
Rocha,100,UY,1570048647,94,-34.48,-54.34,51.7,15.23
Cisarua,20,ID,1570049155,83,-6.67,106.94,78.01,3.36
Sisophon,89,KH,1570049156,94,13.59,102.97,73.88,2.17
Kulhudhuffushi,2,MV,1570049157,73,6.62,73.07,82.38,8.72
Morada Nova,0,BR,1570049157,60,-5.1,-38.37,80.11,11.14
Mahibadhoo,95,MV,1570048765,76,3.78,72.97,80.72,2.04
Nyangao,37,TZ,1570049158,86,-10.33,39.28,70.35,7.92
Yar-Sale,100,RU,1570049158,93,66.83,70.83,46.34,14.12
Bassar,85,TG,1570049159,90,9.26,0.78,75.86,2.93
Camapua,71,BR,1570049159,53,-19.53,-54.04,82.97,12.19
Coquimbo,0,CL,1570049159,51,-29.95,-71.34,60.8,13.87
Mangrol,0,IN,1570049162,84,25.33,76.51,74.83,3.91
Mushabani,100,IN,1570049163,88,22.52,86.46,74.46,2.17
Lufilufi,2,WS,1570049166,70,-13.87,-171.6,84.0,13.38
Blackwater,0,GB,1570049166,93,51.33,-0.78,48.99,4.7
Mookane,0,BW,1570049166,62,-23.68,26.66,60.7,9.95
Tramandai,100,BR,1570049167,87,-29.98,-50.13,67.22,6.91
Kawalu,92,ID,1570048855,91,-7.38,108.21,68.52,2.62
Barcelos,13,BR,1570049048,54,-0.97,-62.93,89.5,4.45
Guarapuava,100,BR,1570049093,60,-25.4,-51.46,72.76,1.21
Hervey Bay,14,AU,1570049168,82,-25.3,152.85,63.0,8.05
Ken Caryl,20,US,1570049169,51,39.58,-105.11,64.99,8.05
Sarakhs,0,TM,1570049169,44,36.54,61.16,60.8,2.24
Chapais,90,CA,1570049169,56,49.78,-74.86,41.0,5.82
Mwene-Ditu,19,CD,1570049170,77,-7.01,23.45,68.68,2.59
Labytnangi,67,RU,1570049170,89,66.66,66.39,32.68,4.12
Gyal,0,HU,1570049170,100,47.38,19.22,60.8,6.93
Sartell,75,US,1570049172,93,45.62,-94.21,48.2,11.41
Soe,90,EE,1570049174,93,57.91,26.05,45.0,0.89
Matamoros,1,US,1570049174,52,25.87,-97.51,91.4,9.17
Namatanai,88,PG,1570049175,81,-3.66,152.44,78.79,4.47
Xichang,36,CN,1570049175,95,27.88,102.25,51.13,2.19
Chimoio,90,MZ,1570049175,100,-19.11,33.48,60.8,2.86
Ajaccio,0,FR,1570049176,77,41.93,8.74,69.8,5.82
Broceni,100,LV,1570049180,95,56.7,22.53,43.86,2.73
Moose Factory,75,CA,1570049181,80,51.26,-80.61,41.0,5.82
Comacchio,21,IT,1570049182,82,44.7,12.18,64.4,1.12
Sudzha,91,RU,1570049182,60,51.19,35.27,54.82,10.92
Fare,93,PF,1570049183,77,-16.7,-151.02,76.71,16.44
Gouyave,13,GD,1570049184,75,12.16,-61.73,83.01,15.19
Totma,6,RU,1570049184,96,59.98,42.76,39.88,6.51
Constantine,75,DZ,1570049185,82,36.36,6.61,59.0,13.87
Guarapari,20,BR,1570049187,65,-20.67,-40.5,78.01,9.17
Senador Pompeu,0,BR,1570049188,38,-5.58,-39.37,84.28,1.81
Inhambane,0,MZ,1570048716,88,-23.87,35.38,60.67,4.25
Jieshi,0,CN,1570048905,80,22.82,115.83,82.99,1.97
Maun,0,BW,1570048808,33,-19.99,23.42,73.4,9.17
Ekhabi,48,RU,1570049191,62,53.51,142.97,40.8,26.33
Malinovoye Ozero,0,RU,1570049192,54,51.68,79.77,37.65,3.94
Eenhana,0,NA,1570049192,9,-17.48,16.34,82.4,3.36
Amapa,40,HN,1570049193,55,15.09,-87.97,91.4,8.05
Arvika,98,SE,1570049194,81,59.65,12.59,43.0,11.41
Koson,0,UZ,1570049194,53,39.04,65.59,50.0,2.24
Muros,0,ES,1570048813,87,42.77,-9.06,61.0,1.12
Guanica,100,PR,1570049195,67,17.97,-66.91,86.0,12.71
Goshogawara,73,JP,1570049195,94,40.92,140.47,55.99,11.72
Tawang,58,BT,1570049196,89,27.59,91.87,48.82,4.68
Camopi,10,GF,1570049196,37,3.17,-52.33,88.59,6.71
Sinnamary,21,GF,1570049196,77,5.38,-52.96,82.12,21.45
Macusani,100,PE,1570049197,84,-14.07,-70.43,39.03,9.22
Fairbanks,90,US,1570048736,100,64.84,-147.72,36.0,8.05
Fougamou,88,GA,1570049198,88,-1.22,10.59,73.61,3.87
Alytus,90,LT,1570049199,93,54.4,24.05,48.2,4.7
Wyndham,18,GB,1570049199,81,51.61,-3.54,50.0,6.93
Fukue,75,JP,1570048894,73,35.03,136.69,77.0,11.41
Roros,100,NO,1570049200,100,62.57,11.38,37.4,3.36
Blois,0,FR,1570049200,66,47.59,1.33,55.4,3.36
Genhe,100,CN,1570049201,79,50.78,121.52,28.38,3.4
Port Hedland,0,AU,1570048883,64,-20.31,118.58,71.6,8.05
Bafq,91,IR,1570048745,49,31.6,55.4,62.94,8.1
Aswan,0,EG,1570048876,21,24.09,32.9,82.34,14.52
Abu Kamal,0,SY,1570049202,30,34.45,40.92,79.51,13.82
Palu,77,ID,1570049202,91,-0.9,119.87,72.51,3.78
Haapiti,20,PF,1570049202,65,-17.57,-149.87,80.6,4.7
Tala,40,MX,1570049203,42,20.65,-103.7,82.0,4.7
